{"cameraMode":{"drawMode":0,"name":"Shaded","section":"Shading Mode"},"sceneLighting":false,"audioPlay":false,"sceneViewState":{"m_AlwaysRefresh":false,"showFog":true,"showSkybox":false,"showFlares":true,"showImageEffects":true,"showParticleSystems":true,"showVisualEffectGraphs":true,"m_FxEnabled":true},"in2DMode":false,"pivot":{"x":0.0005445480346679688,"y":-0.0153045654296875,"z":0.02498173713684082},"rotation":{"x":0.0898529663681984,"y":-0.02390066534280777,"z":0.0021564874332398178,"w":0.9956667423248291},"size":6.353501319885254,"orthographic":true}