{"cameraMode":{"drawMode":0,"name":"Shaded","section":"Shading Mode"},"sceneLighting":true,"audioPlay":false,"sceneViewState":{"m_AlwaysRefresh":false,"showFog":true,"showSkybox":true,"showFlares":true,"showImageEffects":true,"showParticleSystems":true,"showVisualEffectGraphs":true,"m_FxEnabled":true},"in2DMode":false,"pivot":{"x":0.10000066459178925,"y":4.199999809265137,"z":6.330002784729004},"rotation":{"x":0.02931421622633934,"y":-0.31568264961242678,"z":0.009759609587490559,"w":0.9484246969223023},"size":7.477044582366943,"orthographic":true}