{"cameraMode":{"drawMode":0,"name":"Shaded","section":"Shading Mode"},"sceneLighting":true,"audioPlay":false,"sceneViewState":{"m_AlwaysRefresh":false,"showFog":true,"showSkybox":true,"showFlares":true,"showImageEffects":true,"showParticleSystems":true,"showVisualEffectGraphs":true,"m_FxEnabled":true},"in2DMode":false,"pivot":{"x":0.5500001907348633,"y":7.180000305175781,"z":-18.790000915527345},"rotation":{"x":0.3066454231739044,"y":0.16847051680088044,"z":-0.05564943701028824,"w":0.9352586269378662},"size":9.049741744995118,"orthographic":true}